<botcomponent schemaname="cr1da_V02.topic.Escalate">
  <componenttype>9</componenttype>
  <description>이 시스템 토픽은 사용자가 사람 에이전트와 대화하고 싶다고 할 경우 트리거됩니다.
봇이 인간 전달 시나리오를 처리할 방법을 봇 설정에서 구성할 수 있습니다.
봇이 에스컬레이션을 처리하지 않으면 이 토픽을 사용 중지해야 합니다.</description>
  <iscustomizable>0</iscustomizable>
  <name>에스컬레이션</name>
  <parentbotid>
    <schemaname>cr1da_V02</schemaname>
  </parentbotid>
  <statecode>1</statecode>
  <statuscode>2</statuscode>
</botcomponent>