<botcomponent schemaname="cr1da_V02.topic.MultipleTopicsMatched">
  <componenttype>9</componenttype>
  <description>이 시스템 토픽은 봇이 들어오는 메시지와 여러 토픽을 매칭하고 어떤 토픽을 트리거해야 할지 명확히 해야 할 때 트리거됩니다.</description>
  <iscustomizable>0</iscustomizable>
  <name>일치하는 여러 토픽</name>
  <parentbotid>
    <schemaname>cr1da_V02</schemaname>
  </parentbotid>
  <statecode>1</statecode>
  <statuscode>2</statuscode>
</botcomponent>